{"cameraMode":{"drawMode":0,"name":"Shaded","section":"Shading Mode"},"sceneLighting":true,"audioPlay":false,"sceneViewState":{"m_AlwaysRefresh":false,"showFog":false,"showSkybox":false,"showFlares":false,"showImageEffects":false,"showParticleSystems":false,"showVisualEffectGraphs":false,"m_FxEnabled":true},"in2DMode":false,"pivot":{"x":443.4793701171875,"y":359.4684143066406,"z":-565.9613647460938},"rotation":{"x":0.0011199135333299637,"y":-0.029126422479748727,"z":-0.0024050376377999784,"w":-0.999870777130127},"size":1.359836220741272,"orthographic":false}