{"cameraMode":{"drawMode":0,"name":"Shaded","section":"Shading Mode"},"sceneLighting":false,"audioPlay":false,"sceneViewState":{"m_AlwaysRefresh":false,"showFog":false,"showSkybox":false,"showFlares":false,"showImageEffects":false,"showParticleSystems":false,"showVisualEffectGraphs":false,"m_FxEnabled":true},"in2DMode":false,"pivot":{"x":1.5437341928482056,"y":1.2904874086380005,"z":0.18010640144348145},"rotation":{"x":-0.044887740164995196,"y":-0.9313218593597412,"z":0.12248770892620087,"w":-0.340364933013916},"size":1.6835548877716065,"orthographic":false}