{"cameraMode":{"drawMode":0,"name":"Shaded","section":"Shading Mode"},"sceneLighting":true,"audioPlay":false,"sceneViewState":{"m_AlwaysRefresh":false,"showFog":true,"showSkybox":true,"showFlares":true,"showImageEffects":true,"showParticleSystems":true,"showVisualEffectGraphs":true,"m_FxEnabled":true},"in2DMode":false,"pivot":{"x":0.3217065632343292,"y":22.24736785888672,"z":-67.56634521484375},"rotation":{"x":-0.2306942492723465,"y":0.015179670415818692,"z":-0.0035982117988169195,"w":-0.9729480147361755},"size":8.757118225097657,"orthographic":false}