{"cameraMode":{"drawMode":0,"name":"Shaded","section":"Shading Mode"},"sceneLighting":false,"audioPlay":false,"sceneViewState":{"m_AlwaysRefresh":false,"showFog":false,"showSkybox":false,"showFlares":false,"showImageEffects":false,"showParticleSystems":false,"showVisualEffectGraphs":false,"m_FxEnabled":true},"in2DMode":false,"pivot":{"x":1.1724987030029297,"y":2.5954034328460695,"z":3.8395490646362306},"rotation":{"x":-0.041008900851011279,"y":-0.9590710997581482,"z":0.19873210787773133,"w":-0.19813327491283418},"size":1.6773958206176758,"orthographic":false}