{"cameraMode":{"drawMode":0,"name":"Shaded","section":"Shading Mode"},"sceneLighting":false,"audioPlay":false,"sceneViewState":{"m_AlwaysRefresh":false,"showFog":false,"showSkybox":false,"showFlares":false,"showImageEffects":false,"showParticleSystems":false,"showVisualEffectGraphs":false,"m_FxEnabled":true},"in2DMode":false,"pivot":{"x":0.11489295959472656,"y":1.4411020278930665,"z":0.5406703948974609},"rotation":{"x":-0.35667288303375246,"y":-0.08616378903388977,"z":0.033020712435245517,"w":-0.9297376871109009},"size":24.24871063232422,"orthographic":false}