{"cameraMode":{"drawMode":0,"name":"Shaded","section":"Shading Mode"},"sceneLighting":false,"audioPlay":false,"sceneViewState":{"m_AlwaysRefresh":false,"showFog":false,"showSkybox":false,"showFlares":false,"showImageEffects":false,"showParticleSystems":false,"showVisualEffectGraphs":false,"m_FxEnabled":true},"in2DMode":false,"pivot":{"x":1.8021464347839356,"y":1.4073983430862427,"z":2.4500668048858644},"rotation":{"x":-0.0047457776963710789,"y":0.9905374050140381,"z":-0.13334301114082337,"w":-0.03537136688828468},"size":1.4094533920288087,"orthographic":false}