{"cameraMode":{"drawMode":0,"name":"Shaded","section":"Shading Mode"},"sceneLighting":false,"audioPlay":false,"sceneViewState":{"m_AlwaysRefresh":false,"showFog":false,"showSkybox":false,"showFlares":false,"showImageEffects":false,"showParticleSystems":false,"showVisualEffectGraphs":false,"m_FxEnabled":true},"in2DMode":false,"pivot":{"x":-11.802525520324707,"y":1.5638720989227296,"z":-0.27086785435676577},"rotation":{"x":-0.21763472259044648,"y":0.1101246327161789,"z":-0.024723071604967119,"w":-0.9695504903793335},"size":15.210850715637207,"orthographic":false}