{"cameraMode":{"drawMode":0,"name":"Shaded","section":"Shading Mode"},"sceneLighting":false,"audioPlay":false,"sceneViewState":{"m_AlwaysRefresh":false,"showFog":false,"showSkybox":false,"showFlares":false,"showImageEffects":false,"showParticleSystems":false,"showVisualEffectGraphs":false,"m_FxEnabled":true},"in2DMode":false,"pivot":{"x":48.24357604980469,"y":288.5111083984375,"z":1134.2357177734375},"rotation":{"x":0.005690389312803745,"y":0.003601215546950698,"z":-0.000039941060094861314,"w":-1.000051736831665},"size":871.202392578125,"orthographic":false}