{"cameraMode":{"drawMode":0,"name":"Shaded","section":"Shading Mode"},"sceneLighting":true,"audioPlay":false,"sceneViewState":{"m_AlwaysRefresh":false,"showFog":false,"showSkybox":false,"showFlares":false,"showImageEffects":false,"showParticleSystems":false,"showVisualEffectGraphs":false,"m_FxEnabled":true},"in2DMode":false,"pivot":{"x":0.17212200164794923,"y":5.19830322265625,"z":-0.019089698791503907},"rotation":{"x":0.21148453652858735,"y":-0.24273666739463807,"z":0.05729496106505394,"w":0.9453672170639038},"size":16.20712661743164,"orthographic":false}