{"cameraMode":{"drawMode":0,"name":"Shaded","section":"Shading Mode"},"sceneLighting":false,"audioPlay":false,"sceneViewState":{"m_AlwaysRefresh":false,"showFog":false,"showSkybox":false,"showFlares":false,"showImageEffects":false,"showParticleSystems":false,"showVisualEffectGraphs":false,"m_FxEnabled":true},"in2DMode":false,"pivot":{"x":-0.000001430511474609375,"y":3.4274652004241945,"z":-4.76837158203125e-7},"rotation":{"x":0.09617367386817932,"y":-0.0043375748209655289,"z":0.0018945790361613036,"w":0.9955474138259888},"size":8.827513694763184,"orthographic":false}