{"cameraMode":{"drawMode":0,"name":"Shaded","section":"Shading Mode"},"sceneLighting":false,"audioPlay":false,"sceneViewState":{"m_AlwaysRefresh":false,"showFog":false,"showSkybox":false,"showFlares":false,"showImageEffects":false,"showParticleSystems":false,"showVisualEffectGraphs":false,"m_FxEnabled":true},"in2DMode":false,"pivot":{"x":-21.885696411132814,"y":1.5847140550613404,"z":-5.807547092437744},"rotation":{"x":0.000877611106261611,"y":-0.9980376362800598,"z":-0.01616629771888256,"w":-0.062359534204006198},"size":0.9457213878631592,"orthographic":false}