{"cameraMode":{"drawMode":0,"name":"Shaded","section":"Shading Mode"},"sceneLighting":false,"audioPlay":false,"sceneViewState":{"m_AlwaysRefresh":false,"showFog":false,"showSkybox":false,"showFlares":false,"showImageEffects":false,"showParticleSystems":false,"showVisualEffectGraphs":false,"m_FxEnabled":true},"in2DMode":false,"pivot":{"x":311.7137145996094,"y":71.29110717773438,"z":408.77813720703127},"rotation":{"x":-0.23499342799186707,"y":0.031194966286420823,"z":-0.0075753675773739819,"w":-0.9715768098831177},"size":511.72564697265627,"orthographic":false}