{"cameraMode":{"drawMode":0,"name":"Shaded","section":"Shading Mode"},"sceneLighting":true,"audioPlay":false,"sceneViewState":{"m_AlwaysRefresh":false,"showFog":false,"showSkybox":false,"showFlares":false,"showImageEffects":false,"showParticleSystems":false,"showVisualEffectGraphs":false,"m_FxEnabled":true},"in2DMode":false,"pivot":{"x":-15.398902893066407,"y":-21.832517623901368,"z":61.24327087402344},"rotation":{"x":-0.19981727004051209,"y":0.11476245522499085,"z":-0.025904260575771333,"w":-0.9730224013328552},"size":38.676692962646487,"orthographic":false}