{"cameraMode":{"drawMode":0,"name":"Shaded","section":"Shading Mode"},"sceneLighting":false,"audioPlay":false,"sceneViewState":{"m_AlwaysRefresh":false,"showFog":false,"showSkybox":false,"showFlares":false,"showImageEffects":false,"showParticleSystems":false,"showVisualEffectGraphs":false,"m_FxEnabled":true},"in2DMode":false,"pivot":{"x":2.033828020095825,"y":0.8407827019691467,"z":1.8332512378692628},"rotation":{"x":-0.0017644198378548027,"y":0.9932593107223511,"z":-0.11554935574531555,"w":-0.01609986089169979},"size":0.8660253882408142,"orthographic":false}