{"cameraMode":{"drawMode":0,"name":"Shaded","section":"Shading Mode"},"sceneLighting":false,"audioPlay":false,"sceneViewState":{"m_AlwaysRefresh":false,"showFog":false,"showSkybox":false,"showFlares":false,"showImageEffects":false,"showParticleSystems":false,"showVisualEffectGraphs":false,"m_FxEnabled":true},"in2DMode":false,"pivot":{"x":-22.000804901123048,"y":1.2532665729522706,"z":-5.796945571899414},"rotation":{"x":-0.002473887987434864,"y":-0.9965006113052368,"z":0.07969775050878525,"w":-0.029294075444340707},"size":0.8660253882408142,"orthographic":false}